{
  "important": ["crucial", "essentiel", "primordial", "capital", "fondamental", "vital", "majeur", "décisif"],
  "grand": ["vaste", "immense", "considérable", "imposant", "colossal", "gigantesque", "étendu", "ample"],
  "petit": ["minuscule", "réduit", "modeste", "limité", "infime", "microscopique", "minime", "insignifiant"],
  "bon": ["excellent", "remarquable", "appréciable", "satisfaisant", "adéquat", "supérieur", "optimal", "parfait"],
  "mauvais": ["médiocre", "défavorable", "négatif", "défectueux", "inadéquat", "insuffisant", "exécrable", "pitoyable"],
  "très": ["extrêmement", "particulièrement", "remarquablement", "considérablement", "fort", "infiniment", "hautement"],
  "beaucoup": ["énormément", "abondamment", "largement", "amplement", "substantiellement", "massivement"],
  "faire": ["réaliser", "effectuer", "accomplir", "exécuter", "procéder", "opérer", "produire", "créer"],
  "dire": ["affirmer", "déclarer", "énoncer", "exprimer", "mentionner", "annoncer", "prononcer", "articuler"],
  "voir": ["observer", "constater", "apercevoir", "distinguer", "examiner", "contempler", "regarder", "scruter"],
  "penser": ["estimer", "considérer", "juger", "croire", "supposer", "réfléchir", "méditer", "imaginer"],
  "avoir": ["posséder", "détenir", "compter", "comporter", "inclure", "contenir", "présenter"],
  "être": ["constituer", "représenter", "former", "demeurer", "rester", "paraître"],
  "mais": ["cependant", "toutefois", "néanmoins", "pourtant", "seulement", "or"],
  "et": ["ainsi que", "de même que", "puis", "également", "aussi", "de plus", "en outre", "par ailleurs"],
  "donc": ["par conséquent", "ainsi", "en conséquence", "de ce fait", "dès lors", "alors"],
  "aussi": ["pareillement", "de même", "de surcroît"],
  "car": ["parce que", "puisque", "étant donné que", "vu que", "du fait que", "attendu que", "comme"],
  "alors": ["à ce moment", "dans ce cas", "par suite"],
  "maintenant": ["actuellement", "présentement", "désormais", "à présent", "aujourd'hui"],
  "toujours": ["continuellement", "constamment", "perpétuellement", "invariablement", "sans cesse", "éternellement"],
  "souvent": ["fréquemment", "régulièrement", "couramment", "habituellement", "communément"],
  "parfois": ["occasionnellement", "quelquefois", "de temps à autre", "épisodiquement", "sporadiquement"],
  "jamais": ["en aucun cas", "nullement", "aucunement"],
  "vraiment": ["véritablement", "réellement", "effectivement", "authentiquement", "assurément", "sincèrement", "franchement"],
  "peut-être": ["possiblement", "probablement", "éventuellement", "vraisemblablement", "apparemment"],
  "certainement": ["indubitablement", "incontestablement", "manifestement", "évidemment"],
  "seulement": ["uniquement", "simplement", "exclusivement", "purement", "strictement"],
  "même": ["identique", "semblable", "équivalent", "pareil", "similaire", "comparable", "analogue"],
  "encore": ["de nouveau", "une fois de plus", "à nouveau"],
  "déjà": ["d'ores et déjà", "auparavant", "précédemment", "antérieurement", "dès maintenant"],
  "ensuite": ["puis", "après", "par la suite", "ultérieurement", "secondement"],
  "enfin": ["finalement", "en définitive", "au final", "en dernier lieu", "pour conclure"],
  "d'abord": ["premièrement", "en premier lieu", "tout d'abord", "initialement", "au préalable", "avant tout"],
  "chose": ["élément", "aspect", "objet", "sujet", "point", "article", "entité", "réalité"],
  "personne": ["individu", "être", "citoyen", "membre", "humain", "particulier", "personnage"],
  "lieu": ["endroit", "emplacement", "site", "secteur", "localité", "place", "position"],
  "moment": ["instant", "période", "phase", "étape", "occasion", "intervalle", "délai"],
  "manière": ["façon", "méthode", "procédé", "mode", "approche", "technique", "style", "modalité"],
  "problème": ["difficulté", "enjeu", "obstacle", "défi", "souci", "complication", "dilemme"],
  "solution": ["réponse", "résolution", "remède", "issue", "dénouement", "aboutissement", "résultat"],
  "question": ["interrogation", "demande", "problématique", "requête", "enquête", "investigation"],
  "réponse": ["retour", "explication", "éclaircissement", "élucidation", "réplique", "réaction"],
  "travail": ["œuvre", "tâche", "activité", "labeur", "ouvrage", "emploi", "occupation", "mission"],
  "temps": ["période", "durée", "époque", "délai", "ère", "cycle"],
  "partie": ["section", "segment", "portion", "fraction", "composante", "élément", "morceau", "parcelle"],
  "façon": ["manière", "méthode", "procédé", "mode", "approche"],
  "monde": ["univers", "société", "planète", "humanité", "globe", "terre", "cosmos"],
  "vie": ["existence", "vécu", "parcours", "destinée", "expérience", "biographie"],
  "jour": ["journée", "date"],
  "année": ["an", "exercice", "millésime", "saison"],
  "pays": ["territoire", "état", "nation", "région", "royaume", "sol"],
  "nation": ["peuple"],
  "ville": ["cité", "commune", "métropole", "localité", "municipalité", "agglomération", "bourg"],
  "maison": ["demeure", "habitation", "logement", "résidence", "domicile", "foyer", "bâtisse", "propriété"],
  "homme": ["être humain", "mâle", "monsieur", "type", "gars"],
  "femme": ["dame", "citoyenne"],
  "enfant": ["jeune", "mineur", "bambin", "rejeton", "descendant", "petit"],
  "famille": ["foyer", "maisonnée", "clan", "lignée", "fratrie", "parenté", "généalogie"],
  "ami": ["camarade", "compagnon", "allié", "proche", "confident", "copain", "partenaire", "associé"],
  "groupe": ["ensemble", "collectif", "équipe", "formation", "regroupement", "assemblée", "communauté", "cercle"],
  "projet": ["initiative", "entreprise", "plan", "programme", "dessein", "concept", "schéma"],
  "idée": ["concept", "notion", "pensée", "conception", "proposition", "avis", "opinion", "réflexion"],
  "résultat": ["aboutissement", "conséquence", "effet", "produit", "issue", "fruit", "conclusion", "dénouement"],
  "exemple": ["illustration", "cas", "modèle", "spécimen", "échantillon", "paradigme", "prototype", "référence"],
  "situation": ["contexte", "circonstance", "état", "condition", "position", "statut"],
  "niveau": ["degré", "stade", "échelon", "palier", "rang", "seuil", "hauteur"],
  "point": ["aspect", "détail", "thème", "caractéristique"],
  "cas": ["occurrence", "événement", "éventualité", "possibilité"],
  "type": ["genre", "catégorie", "sorte", "espèce", "variété", "classe", "famille", "nature"],
  "forme": ["configuration", "aspect", "apparence", "structure", "format", "figure", "contour", "silhouette"],
  "sens": ["signification", "acception", "portée", "direction", "orientation", "intention", "but", "finalité"],
  "raison": ["motif", "cause", "fondement", "justification", "argument", "explication", "preuve"],
  "besoin": ["nécessité", "exigence", "requête", "manque", "désir", "envie"],
  "effet": ["impact", "répercussion", "incidence", "influence", "retombée"],
  "cause": ["origine", "source", "facteur", "genèse", "mobile"],
  "rôle": ["fonction", "mission", "attribution", "responsabilité", "part"],
  "action": ["acte", "démarche", "initiative", "intervention", "opération", "geste", "entreprise"],
  "changement": ["modification", "transformation", "évolution", "mutation", "variation", "révolution", "métamorphose"],
  "développement": ["croissance", "expansion", "progression", "essor", "avancement", "perfectionnement", "maturation"],
  "système": ["dispositif", "mécanisme", "structure", "organisation", "ensemble", "réseau", "appareil", "cadre"],
  "moyen": ["procédé", "ressource", "outil", "instrument", "capacité", "possibilité"],
  "force": ["puissance", "vigueur", "énergie", "intensité", "robustesse", "vitalité", "dynamisme"],
  "droit": ["prérogative", "autorisation", "permission", "privilège", "liberté"],
  "valeur": ["importance", "mérite", "portée", "signification", "poids", "qualité", "prix", "estime"],
  "intérêt": ["pertinence", "utilité", "avantage", "bénéfice", "gain", "profit"],
  "place": ["rang", "siège", "localisation", "site"],
  "différence": ["distinction", "écart", "divergence", "dissemblance", "contraste", "disparité", "inégalité"],
  "rapport": ["lien", "relation", "corrélation", "connexion", "association", "interaction", "dépendance"],
  "mesure": ["disposition", "initiative", "démarche", "procédure", "étape", "précaution"],
  "usage": ["utilisation", "emploi", "pratique", "application", "exercice", "coutume", "tradition", "habitude"],
  "information": ["renseignement", "donnée", "indication", "précision", "bulletin", "communiqué"],
  "connaissance": ["savoir", "science", "érudition", "instruction", "culture", "compétence", "expertise", "maîtrise"],
  "problématique": ["interrogation", "dilemme", "enjeu", "défi"],
  "domaine": ["secteur", "sphère", "champ", "spécialité", "branche", "territoire"],
  "cadre": ["environnement", "milieu", "limite", "périmètre"],
  "base": ["fondement", "assise", "principe", "socle", "support", "fondation", "origine"],
  "fin": ["terme", "aboutissement", "conclusion", "clôture", "achèvement", "finale", "cessation"],
  "début": ["commencement", "départ", "amorce", "ouverture", "genèse", "inauguration", "lancement"],
  "milieu": ["centre", "ambiance", "entourage", "atmosphère"],
  "état": ["condition", "statut", "phase", "mode"],
  "ordre": ["directive", "instruction", "commandement", "consigne", "injonction"],
  "série": ["suite", "succession", "séquence", "collection", "gamme", "assortiment"],
  "nombre": ["quantité", "total", "effectif", "chiffre", "montant", "somme", "compte"],
  "part": ["portion", "fraction", "segment", "pourcentage", "ration", "allocation"],
  "ensemble": ["totalité", "intégralité", "collection", "agrégat", "réunion", "assemblage", "combinaison"],
  "total": ["globalité", "entier", "cumul", "agrégat"],
  "sujet": ["thème", "matière", "propos", "objet"],
  "but": ["finalité", "visée", "dessein", "intention", "cible", "ambition", "aspiration", "objectif"],
  "qualité": ["attribut", "caractéristique", "propriété", "trait", "particularité", "vertu", "mérite"],
  "caractère": ["nature", "spécificité", "personnalité", "tempérament", "individualité"],
  "nature": ["essence", "substance", "fond", "constitution"],
  "principe": ["règle", "précepte", "doctrine", "axiome", "maxime"],
  "règle": ["norme", "directive", "prescription", "canon"],
  "loi": ["législation", "réglementation", "texte", "décret", "ordonnance", "statut"],
  "marque": ["trace", "empreinte", "témoignage", "symbole", "emblème", "insigne", "signe"],
  "signe": ["indice", "signal", "présage", "symptôme", "manifestation"],
  "terme": ["vocable", "dénomination", "appellation", "désignation"],
  "mot": ["parole", "verbe", "expression"],
  "expression": ["formulation", "tournure", "phrase", "diction", "énoncé", "locution"],
  "titre": ["intitulé", "rubrique", "chapitre", "en-tête"],
  "nom": ["dénomination", "appellation", "désignation", "intitulé"],
  "avis": ["sentiment", "perspective", "conviction", "croyance", "point de vue"],
  "opinion": ["point de vue", "sentiment", "jugement"],
  "jugement": ["évaluation", "appréciation", "estimation", "décision", "verdict"],
  "critique": ["commentaire", "observation", "remarque", "analyse", "évaluation"],
  "analyse": ["examen", "investigation", "exploration", "étude", "dissection"],
  "étude": ["recherche", "enquête"],
  "recherche": ["quête", "exploration"],
  "méthode": ["système", "modalité", "stratégie"],
  "technique": ["procédé", "moyen"],
  "processus": ["mécanisme", "déroulement", "cheminement"],
  "procédure": ["protocole", "démarche"],
  "stratégie": ["méthodologie", "tactique", "orientation", "manœuvre", "dispositif"],
  "plan": ["projet", "programme", "schéma"],
  "programme": ["agenda", "calendrier", "emploi du temps", "horaire", "planning"],
  "structure": ["agencement", "configuration", "architecture", "édifice", "ossature", "charpente"],
  "organisation": ["coordination", "entité"],
  "service": ["prestation", "assistance", "aide", "support", "utilité"],
  "produit": ["article", "marchandise", "denrée", "création", "réalisation"],
  "marché": ["commerce", "transaction", "affaire", "négoce", "échange", "vente"],
  "entreprise": ["société", "firme", "compagnie", "institution", "corporation", "établissement"],
  "travailleur": ["employé", "salarié", "ouvrier", "opérateur", "collaborateur", "agent"],
  "client": ["acheteur", "consommateur", "usager", "utilisateur", "acquéreur"],
  "prix": ["coût", "tarif", "montant"],
  "argent": ["monnaie", "fonds", "capital", "finance", "liquidité", "espèces", "ressource"],
  "bénéfice": ["profit", "gain", "rendement"],
  "perte": ["déficit", "diminution", "réduction", "déclin", "baisse", "dommage", "préjudice"],
  "économie": ["épargne", "rationalisation", "budget"],
  "société": ["communauté", "collectivité", "population", "civilisation"],
  "culture": ["civilisation", "héritage", "patrimoine"],
  "histoire": ["récit", "chronique", "épopée", "saga", "légende", "conte", "narration"],
  "art": ["création", "discipline"],
  "science": ["spécialité", "connaissance"],
  "éducation": ["formation", "pédagogie", "instruction", "enseignement"],
  "santé": ["bien-être", "forme", "intégrité", "équilibre"],
  "maladie": ["affection", "pathologie", "trouble", "infirmité", "désordre", "dysfonctionnement"],
  "médecin": ["docteur", "thérapeute", "praticien", "spécialiste", "soignant"],
  "traitement": ["thérapie", "cure", "soin", "médication", "intervention"],
  "prévention": ["précaution", "protection", "prophylaxie"],
  "sécurité": ["sûreté", "garantie", "assurance"],
  "risque": ["danger", "péril", "menace", "aléa", "hasard"],
  "accident": ["incident", "événement", "collision", "catastrophe", "désastre", "sinistre"],
  "environnement": ["écosystème", "habitat"],
  "pollution": ["contamination", "souillure", "dégradation", "infection", "impureté"],
  "protection": ["défense", "préservation", "conservation", "sauvegarde"],
  "développement durable": ["croissance responsable", "éco-développement", "progrès écologique"],
  "technologie": ["innovation", "progrès"],
  "innovation": ["nouveauté", "invention", "création", "découverte", "percée"],
  "découverte": ["trouvaille", "révélation", "identification"],
  "application": ["mise en œuvre", "implémentation", "déploiement"],
  "performance": ["rendement", "efficacité", "productivité", "accomplissement", "réalisation"],
  "efficacité": ["efficience", "productivité"],
  "contrôle": ["vérification", "inspection", "supervision", "surveillance", "régulation"],
  "gestion": ["administration", "management", "direction", "coordination"],
  "management": ["pilotage", "encadrement"],
  "leadership": ["commandement", "gouvernance"],
  "équipe": ["collectif", "formation", "staff"],
  "collaboration": ["coopération", "partenariat", "association", "entraide", "solidarité"],
  "communication": ["échange", "dialogue", "transmission", "contact", "discussion"],
  "média": ["presse", "canal", "support"],
  "internet": ["web", "cyberespace"],
  "réseau": ["maillage", "interconnexion", "circuit"],
  "donnée": ["information", "renseignement", "élément", "fait"],
  "vie privée": ["intimité", "confidentialité", "discrétion"],
  "liberté": ["autonomie", "indépendance", "souveraineté", "émancipation"],
  "égalité": ["équité", "parité", "équivalence", "uniformité"],
  "fraternité": ["solidarité", "camaraderie", "bienveillance"],
  "justice": ["équité", "impartialité", "droiture", "intégrité"],
  "démocratie": ["régime démocratique", "gouvernement populaire"],
  "politique": ["gouvernance", "diplomatie"],
  "gouvernement": ["exécutif", "régime", "cabinet", "administration"],
  "président": ["chef d'État", "dirigeant", "leader"],
  "ministre": ["secrétaire", "responsable", "directeur"],
  "parlement": ["assemblée", "congrès", "chambre", "sénat"],
  "règlement": ["réglementation", "code", "charte"],
  "tribunal": ["cour", "juridiction", "instance"],
  "juge": ["magistrat", "arbitre"],
  "avocat": ["défenseur", "conseil", "juriste"],
  "procès": ["procédure", "litige", "affaire"],
  "verdict": ["sentence", "décision"],
  "peine": ["sanction", "punition", "châtiment", "condamnation"],
  "prison": ["détention", "incarcération", "réclusion", "captivité", "enfermement"],
  "responsabilité": ["obligation", "charge", "devoir"],
  "morale": ["éthique", "déontologie"],
  "éthique": ["morale", "déontologie"],
  "conscience": ["lucidité", "perception", "discernement"],
  "respect": ["considération", "égard", "déférence", "estime"],
  "dignité": ["honneur", "respectabilité", "noblesse", "grandeur"],
  "honneur": ["fierté", "gloire"],
  "gloire": ["renommée", "célébrité", "splendeur"],
  "réputation": ["notoriété", "image"],
  "succès": ["réussite", "victoire", "triomphe", "conquête"],
  "échec": ["insuccès", "défaite", "revers", "déconvenue", "fiasco"],
  "réussite": ["accomplissement"],
  "effort": ["tentative", "application", "peine"],
  "persévérance": ["persistance", "ténacité", "obstination", "constance", "endurance"],
  "courage": ["bravoure", "vaillance", "audace", "hardiesse", "intrépidité"],
  "détermination": ["résolution", "fermeté", "volonté"],
  "volonté": ["intention"],
  "désir": ["envie", "souhait", "appétit", "attirance"],
  "passion": ["enthousiasme", "ardeur", "ferveur", "zèle", "fougue"],
  "amour": ["affection", "tendresse", "attachement", "dévotion"],
  "amitié": ["camaraderie", "complicité"],
  "parent": ["géniteur", "père", "mère", "tuteur"],
  "école": ["établissement", "institution", "collège", "lycée"],
  "enseignement": ["éducation", "instruction", "formation", "pédagogie"],
  "apprentissage": ["initiation", "acquisition"],
  "intelligence": ["compréhension", "perspicacité", "sagacité"],
  "sagesse": ["prudence", "modération"],
  "expérience": ["pratique", "vécu"],
  "compétence": ["aptitude", "qualification", "capacité", "habileté"],
  "talent": ["don", "génie", "disposition"],
  "génie": ["intelligence", "brillance"],
  "créativité": ["imagination", "inventivité", "originalité"],
  "imagination": ["fantaisie", "invention", "vision"],
  "inspiration": ["stimulation", "souffle", "élan", "impulsion"],
  "motivation": ["encouragement", "incitation"],
  "rêve": ["aspiration", "idéal", "vision", "ambition"],
  "espoir": ["espérance", "optimisme", "attente"],
  "confiance": ["foi", "assurance", "crédit"],
  "foi": ["croyance", "conviction"],
  "croyance": ["opinion"],
  "religion": ["spiritualité", "culte", "confession"],
  "spiritualité": ["mysticisme", "intériorité"],
  "méditation": ["réflexion", "contemplation", "concentration"],
  "paix": ["tranquillité", "sérénité", "calme", "quiétude"],
  "harmonie": ["équilibre", "accord", "concordance", "cohérence"],
  "bonheur": ["félicité", "béatitude", "contentement"],
  "joie": ["allégresse", "gaieté", "réjouissance", "euphorie"],
  "plaisir": ["jouissance", "agrément", "satisfaction", "délice"],
  "souffrance": ["douleur", "tourment", "détresse", "misère", "affliction"],
  "douleur": ["mal", "peine"],
  "tristesse": ["chagrin", "mélancolie", "abattement", "dépression"],
  "peur": ["crainte", "appréhension", "terreur", "panique", "frayeur"],
  "anxiété": ["angoisse", "inquiétude", "souci", "préoccupation", "nervosité"],
  "stress": ["tension", "pression", "contrainte", "surmenage"],
  "guérison": ["rétablissement", "convalescence", "réparation", "restauration"],
  "médecine": ["art médical", "thérapeutique"],
  "médicament": ["remède", "drogue", "substance"],
  "désinfecter": ["purifier", "stériliser", "antiseptiser", "assainir"],
  "abaisser": ["diminuer", "réduire", "rabaisser", "baisser"],
  "politiques": ["politicien", "homme politique", "élu"],
  "légitimité": ["bien-fondé", "validité"],
  "choqué": ["heurté", "froissé", "ébranlé", "scandalisé", "indigné"],
  "incompris": ["méconnu", "mal compris", "ignoré"],
  "questionner": ["interroger", "sonder", "interviewer"],
  "incroyable": ["fantastique", "inouï", "invraisemblable", "surprenant", "extraordinaire"],
  "plusieurs": ["nombreux", "multiples", "divers"],
  "rapporté": ["révélé", "exposé", "signalé", "mentionné"],
  "rapidement": ["vite", "promptement", "prestement"],
  "indiquent": ["révèlent", "signalent", "montrent"],
  "propagées": ["diffusées", "répandues", "dispersées"],
  "affichent": ["manifestent", "exposent", "expriment"],
  "construire": ["bâtir", "édifier", "ériger", "fabriquer", "élaborer"],
  "exploiter": ["employer", "tirer parti"],
  "développer": ["accroître", "étendre", "amplifier", "élargir"],
  "générer": ["produire", "créer", "engendrer"],
  "arrivez": ["parvenez", "atteignez"],
  "tue": ["assassine", "élimine", "supprime"],
  "abolir": ["détruire", "anéantir", "effacer"],
  "prévenu": ["averti", "alerté", "informé"],
  "pendant": ["durant", "au cours de", "lors de"],
  "insolite": ["extraordinaire", "étrange", "rare", "inhabituel", "singulier"],
  "supermarché": ["magasin", "hypermarché", "grande surface"],
  "corrompus": ["altérés", "dégradés", "dénaturés"],
  "souffrent": ["endurent", "subissent", "pâtissent"],
  "littéralement": ["exactement", "précisément", "strictement"],
  "causer": ["provoquer", "engendrer", "susciter", "déclencher", "occasionner"],
  "utiliser": ["employer", "user", "recourir à", "se servir de"],
  "créer": ["concevoir", "inventer", "élaborer", "composer"],
  "montrer": ["démontrer", "présenter", "exposer", "exhiber", "révéler", "manifester"],
  "prendre": ["saisir", "attraper", "capturer", "obtenir", "acquérir"],
  "donner": ["offrir", "accorder", "attribuer", "fournir", "procurer", "octroyer"],
  "mettre": ["placer", "poser", "disposer", "installer", "situer"],
  "trouver": ["découvrir", "dénicher", "repérer", "localiser", "rencontrer"],
  "chercher": ["rechercher", "quêter", "explorer", "fouiller", "scruter"],
  "savoir": ["connaître", "maîtriser"],
  "pouvoir": ["être capable de", "avoir la possibilité de", "être en mesure de"],
  "vouloir": ["désirer", "souhaiter", "ambitionner", "aspirer à"],
  "devoir": ["être obligé de", "être tenu de", "falloir"],
  "comprendre": ["saisir", "appréhender", "concevoir", "piger", "assimiler"],
  "expliquer": ["éclaircir", "élucider", "clarifier", "détailler", "expliciter"],
  "apprendre": ["étudier", "s'instruire", "découvrir"],
  "enseigner": ["instruire", "former", "transmettre"],
  "écouter": ["entendre", "ouïr", "prêter l'oreille"],
  "parler": ["discourir", "s'exprimer", "communiquer", "converser"],
  "lire": ["parcourir", "déchiffrer", "consulter", "feuilleter"],
  "écrire": ["rédiger", "composer", "consigner", "noter", "coucher sur papier"],
  "aimer": ["adorer", "affectionner", "chérir", "apprécier"],
  "détester": ["haïr", "abhorrer", "exécrer", "avoir en horreur"],
  "préférer": ["privilégier", "favoriser", "opter pour", "pencher pour"],
  "choisir": ["sélectionner", "élire", "retenir", "désigner"],
  "décider": ["trancher", "résoudre", "statuer", "déterminer", "arrêter"],
  "commencer": ["débuter", "entamer", "amorcer", "entreprendre", "inaugurer"],
  "finir": ["terminer", "achever", "conclure", "clore", "finaliser"],
  "continuer": ["poursuivre", "persévérer", "persister", "maintenir"],
  "arrêter": ["cesser", "stopper", "interrompre", "suspendre", "discontinuer"],
  "changer": ["modifier", "transformer", "altérer", "convertir", "mutér"],
  "devenir": ["se transformer en", "se muer en", "évoluer vers"],
  "rester": ["demeurer", "persister", "subsister", "séjourner"],
  "partir": ["s'en aller", "quitter", "sortir", "s'éloigner"],
  "venir": ["arriver", "se présenter", "survenir", "advenir"],
  "revenir": ["retourner", "rentrer", "réapparaître"],
  "entrer": ["pénétrer", "accéder", "franchir", "s'introduire"],
  "sortir": ["émerger", "s'échapper", "évacuer", "s'extraire"],
  "monter": ["grimper", "escalader", "s'élever", "ascensionner"],
  "descendre": ["dévaler", "chuter", "baisser", "dégringoler"],
  "aller": ["se rendre", "se diriger", "progresser", "avancer"],
  "suivre": ["accompagner", "escorter", "emboîter le pas", "poursuivre"],
  "précéder": ["devancer", "anticiper", "prévenir"],
  "accompagner": ["escorter", "convoyer", "assister", "seconder"],
  "aider": ["assister", "secourir", "soutenir", "épauler", "soulager"],
  "sauver": ["secourir", "délivrer", "préserver", "protéger"],
  "défendre": ["protéger", "sauvegarder", "préserver", "garantir"],
  "attaquer": ["assaillir", "agresser", "offenser", "combattre"],
  "gagner": ["remporter", "obtenir", "acquérir", "mériter", "conquérir"],
  "perdre": ["échouer", "manquer", "laisser échapper", "s'effondrer"],
  "jouer": ["divertir", "s'amuser", "se distraire", "se récréer"],
  "travailler": ["œuvrer", "s'activer", "s'employer", "s'affairer"],
  "étudier": ["apprendre", "se former", "se perfectionner", "s'instruire"],
  "réfléchir": ["penser", "méditer", "considérer", "envisager"],
  "imaginer": ["concevoir", "envisager", "supposer", "songer"],
  "sentir": ["ressentir", "éprouver", "percevoir", "détecter"],
  "regarder": ["observer", "contempler", "examiner", "scruter"],
  "toucher": ["palper", "manipuler", "caresser", "effleurer"],
  "goûter": ["savourer", "déguster", "apprécier", "expérimenter"],
  "vivre": ["exister", "subsister", "séjourner", "habiter"],
  "mourir": ["décéder", "trépasser", "s'éteindre", "périr", "succomber"],
  "naître": ["venir au monde", "apparaître", "éclore", "émerger"],
  "grandir": ["croître", "se développer", "mûrir", "progresser"],
  "vieillir": ["prendre de l'âge", "décliner", "se faner", "se flétrir"],
  "dormir": ["se reposer", "sommeiller", "pioncer", "rêver"],
  "se réveiller": ["s'éveiller", "émerger", "sortir du sommeil"],
  "manger": ["se nourrir", "consommer", "ingérer", "absorber"],
  "boire": ["s'hydrater", "ingurgiter", "avaler", "siroter"],
  "respirer": ["inspirer", "expirer", "ventiler", "haleter"],
  "marcher": ["se déplacer", "progresser", "avancer", "cheminer"],
  "courir": ["sprinter", "se précipiter", "galoper", "foncer"],
  "sauter": ["bondir", "sursauter", "rebondir", "gambader"],
  "nager": ["se baigner", "pagayer", "brasser", "flotter"],
  "voyager": ["se déplacer", "explorer", "découvrir", "parcourir"],
  "visiter": ["explorer", "découvrir", "parcourir", "inspecter"],
  "habiter": ["résider", "loger", "demeurer", "occuper"],
  "détruire": ["démolir", "anéantir", "ravager", "dévaster"],
  "réparer": ["restaurer", "rénover", "remettre en état", "raccommoder"],
  "nettoyer": ["laver", "purifier", "décaper", "astiquer"],
  "organiser": ["structurer", "agencer", "coordonner", "planifier"],
  "gérer": ["administrer", "diriger", "superviser", "contrôler"],
  "diriger": ["conduire", "guider", "piloter", "superviser"],
  "contrôler": ["maîtriser", "dominer", "réguler", "surveiller"],
  "influencer": ["impressionner", "marquer", "toucher", "affecter"],
  "convaincre": ["persuader", "gagner", "emporter l'adhésion"],
  "persuader": ["convaincre", "influencer", "amener à croire"],
  "proposer": ["suggérer", "avancer", "présenter", "soumettre"],
  "suggérer": ["proposer", "indiquer", "insinuer", "sous-entendre"],
  "demander": ["solliciter", "requérir", "prier", "implorer"],
  "répondre": ["répliquer", "riposter", "rétorquer", "objecter"],
  "refuser": ["rejeter", "décliner", "repousser", "opposer"],
  "accepter": ["consentir", "acquiescer", "approuver", "admettre"],
  "promettre": ["s'engager", "jurer", "garantir", "assurer"],
  "tenir": ["maintenir", "conserver", "garder", "préserver"],
  "oublier": ["omettre", "négliger", "laisser de côté"],
  "se souvenir": ["se rappeler", "se remémorer", "se ressouvenir"],
  "pardonner": ["excuser", "absoudre", "gracier", "amnistier"],
  "remercier": ["exprimer sa gratitude", "témoigner sa reconnaissance"],
  "féliciter": ["complimenter", "applaudir", "louer", "célébrer"],
  "critiquer": ["désapprouver", "blâmer", "censurer", "dénigrer"],
  "se plaindre": ["râler", "gémir", "protester", "réclamer"],
  "menacer": ["intimider", "effrayer", "terroriser", "alarmer"],
  "se battre": ["combattre", "lutter", "affronter", "s'opposer"],
  "se disputer": ["quereller", "s'engueuler", "s'empoigner", "s'échauffer"],
  "se réconcilier": ["se rabibocher", "faire la paix", "s'arranger"],
  "coopérer": ["collaborer", "s'associer", "s'unir", "concourir"],
  "concourir": ["rivaliser", "compétitionner", "disputer"],
  "célébrer": ["fêter", "commémorer", "honorer", "glorifier"],
  "partager": ["diviser", "répartir", "distribuer", "communiquer"],
  "échanger": ["troc", "négocier", "transiger", "traiter"],
  "vendre": ["céder", "commercialiser", "écouler", "négocier"],
  "acheter": ["acquérir", "se procurer", "obtenir", "marchander"],
  "payer": ["régler", "s'acquitter", "compenser", "rembourser"],
  "économiser": ["épargner", "ménager", "préserver", "capitaliser"],
  "investir": ["placer", "financer", "consacrer", "engager"],
  "risquer": ["hasarder", "tenter", "aventurer", "spéculer"],
  "produire": ["générer", "créer", "fabriquer", "élaborer"],
  "consommer": ["utiliser", "dépenser", "absorber", "ingérer"],
  "réduire": ["diminuer", "abaisser", "restreindre", "limiter"],
  "augmenter": ["accroître", "amplifier", "intensifier", "renforcer"],
  "améliorer": ["perfectionner", "optimiser", "bonifier", "embellir"],
  "dégrader": ["détériorer", "altérer", "endommager", "déprécier"],
  "résoudre": ["solutionner", "trouver une issue", "déterminer"],
  "compliquer": ["complexifier", "embrouiller", "enchevêtrer"],
  "simplifier": ["faciliter", "alléger", "clarifier", "épurer"],
  "adapter": ["ajuster", "conformer", "accommoder", "acclimater"],
  "transformer": ["convertir", "muer", "métamorphoser", "transmuer"],
  "évoluer": ["progresser", "se développer", "mûrir", "se perfectionner"],
  "régression": ["recul", "déclin", "dégradation", "détérioration"],
  "avancer": ["progresser", "procéder", "aller de l'avant"],
  "reculer": ["revenir en arrière", "rétrograder", "décroître"],
  "tourner": ["pivoter", "virer", "rotation", "gyration"],
  "chuter": ["tomber", "dégringoler", "s'effondrer", "s'écrouler"],
  "ouvrir": ["déverrouiller", "débloquer", "inaugurer", "débuter"],
  "fermer": ["clore", "condamner", "verrouiller", "sceller"],
  "remplir": ["combler", "garnir", "charger", "saturer"],
  "vider": ["décharger", "évacuer", "dépeupler", "désemplir"],
  "ajouter": ["adjoindre", "annexer", "incorporer", "insérer"],
  "retirer": ["ôter", "supprimer", "extraire", "prélever"],
  "connecter": ["relier", "joindre", "associer", "unir"],
  "déconnecter": ["débrancher", "désunir", "séparer", "dissocier"],
  "activer": ["déclencher", "enclencher", "mettre en marche", "stimuler"],
  "désactiver": ["désengager", "neutraliser", "inactiver", "stoppér"],
  "programmer": ["planifier", "calendrier", "organiser", "prévoir"],
  "exécuter": ["réaliser", "accomplir", "effectuer", "mettre en œuvre"],
  "surveiller": ["contrôler", "inspecter", "scruter", "observer"],
  "protéger": ["défendre", "sauvegarder", "préserver", "garantir"],
  "éviter": ["esquiver", "contourner", "prévenir", "éluder"],
  "confronter": ["affronter", "faire face", "braver", "défier"],
  "résister": ["tenir bon", "lutter", "s'opposer", "contrecarrer"],
  "céder": ["succomber", "capituler", "abdiquer", "fléchir"],
  "persévérer": ["persister", "s'obstiner", "insister", "continuer"],
  "abandonner": ["renoncer", "laisser tomber", "délaisser", "quitter"],
  "réussir": ["triompher", "l'emporter", "s'imposer", "aboutir"],
  "échouer": ["faillir", "avorter", "manquer", "rater"],
  "progresser": ["avancer", "s'améliorer", "se développer", "évoluer"],
  "stagner": ["piétiner", "marquer le pas", "s'immobiliser"],
  "croissance": ["expansion", "développement", "progression", "essor"],
  "décroissance": ["réduction", "diminution", "contraction", "récession"],
  "stabilité": ["équilibre", "constance", "pérennité", "fixité"],
  "instabilité": ["fluctuation", "variation", "inconstance", "précarité"],
  "danger": ["péril", "risque", "menace", "hasard"],
  "opportunité": ["chance", "possibilité", "occasion", "éventualité"],
  "menace": ["danger", "péril", "risque", "intimidation"],
  "avantage": ["bénéfice", "profit", "gain", "atout"],
  "inconvénient": ["désavantage", "handicap", "obstacle", "difficulté"],
  "faiblesse": ["défaillance", "carence", "vulnérabilité", "déficience"],
  "défaut": ["imperfection", "vice", "tare", "lacune"],
  "beauté": ["esthétique", "grâce", "splendeur", "magnificence"],
  "laideur": ["disgrâce", "difformité", "hideur", "vilénie"],
  "propreté": ["netteté", "hygiène", "pureté", "asepsie"],
  "saleté": ["malpropreté", "souillure", "impureté", "crasse"],
  "désordre": ["chaos", "confusion", "pagaille", "anarchie"],
  "silence": ["calme", "tranquillité", "mutisme", "quiétude"],
  "bruit": ["vacarme", "tumulte", "fracas", "tapage"],
  "lumière": ["clarté", "éclat", "brillance", "rayonnement"],
  "obscurité": ["ténèbres", "nuit", "pénombre", "crépuscule"],
  "chaleur": ["température", "ardeur", "fièvre", "incandescence"],
  "froid": ["frigidité", "glacial", "hiver", "gel"],
  "sec": ["aride", "déshydraté", "desséché", "assec"],
  "humide": ["mouillé", "moite", "imbibé", "saturé"],
  "dur": ["résistant", "solide", "rigide", "inflexible"],
  "mou": ["souple", "flexible", "malléable", "élastique"],
  "lourd": ["pesant", "massif", "encombrant", "accablant"],
  "léger": ["aérien", "délicat", "fin", "subtile"],
  "rapide": ["vif", "prompt", "accéléré", "précipité"],
  "lent": ["tardif", "traînant", "progressif", "dilatoire"],
  "court": ["bref", "concis", "succinct", "laconique"],
  "long": ["étendu", "prolongé", "interminable", "sempiternel"],
  "haut": ["élevé", "altier", "supérieur", "éminent"],
  "bas": ["inférieur", "modeste", "vil", "abject"],
  "large": ["ample", "spacieux", "vaste", "étendu"],
  "étroit": ["restreint", "serré", "confiné", "borné"],
  "profond": ["intense", "pénétrant", "creusé", "abyssal"],
  "superficiel": ["léger", "futile", "apparent", "dérisoire"],
  "plein": ["rempli", "comblé", "saturé", "bondé"],
  "vide": ["creux", "dépourvu", "désert", "inanime"],
  "cher": ["coûteux", "onéreux", "précieux", "dispendieux"],
  "bon marché": ["économique", "abordable", "modique", "raisonnable"],
  "nouveau": ["récent", "neuf", "moderne", "inédit"],
  "ancien": ["vieux", "antique", "archaïque", "désuet"],
  "moderne": ["contemporain", "actuel", "nouveau", "récent"],
  "traditionnel": ["conventionnel", "classique", "habituel", "coutumier"],
  "simple": ["facile", "élémentaire", "basique", "rudimentaire"],
  "complexe": ["compliqué", "intricate", "sophistiqué", "ardu"],
  "difficile": ["ardu", "pénible", "laborieux", "éprouvant"],
  "facile": ["aisé", "simple", "évident", "enfantin"],
  "possible": ["envisageable", "réalisable", "faisable", "atteignable"],
  "impossible": ["irréalisable", "infaisable", "inaccessible", "utopique"],
  "certain": ["assuré", "indubitable", "incontestable", "évident"],
  "incertain": ["douteux", "aléatoire", "vague", "équivoque"],
  "vrai": ["véridique", "authentique", "réel", "sincère"],
  "faux": ["erroné", "inexact", "trompeur", "mensonger"],
  "juste": ["correct", "exact", "précis", "équitable"],
  "injuste": ["inéquitable", "partial", "biaisé", "discriminatoire"],
  "légal": ["licite", "légitime", "régulier", "conforme"],
  "illégal": ["illicite", "criminel", "délictueux", "frauduleux"],
  "moral": ["éthique", "vertueux", "intègre", "honnête"],
  "immoral": ["corrompu", "dépravé", "vicieux", "pervers"],
  "naturel": ["spontané", "inné", "authentique", "pur"],
  "artificiel": ["factice", "faux", "synthétique", "simulé"],
  "réel": ["concret", "tangible", "effectif", "actuel"],
  "virtuel": ["potentiel", "théorique", "abstrait", "imaginé"],
  "concret": ["matériel", "physique", "palpable", "sensible"],
  "abstrait": ["conceptuel", "théorique", "intellectuel", "métaphysique"],
  "public": ["collectif", "commun", "universel", "ouvert"],
  "privé": ["personnel", "intime", "confidentiel", "réservé"],
  "gratuit": ["bénévole", "gracieux", "offerte", "libre"],
  "payant": ["commercial", "lucratif", "onéreux", "tarifé"],
  "obligatoire": ["imposé", "contraint", "forcé", "inévitable"],
  "facultatif": ["optionnel", "libre", "discretionnaire", "volontaire"],
  "permanent": ["durable", "constant", "continuel", "ininterrompu"],
  "temporaire": ["provisoire", "éphémère", "transitoire", "interim"],
  "fréquent": ["courant", "habituel", "régulier", "commun"],
  "rare": ["exceptionnel", "insolite", "peu commun", "singulier"],
  "commun": ["ordinaire", "banal", "usuel", "conventionnel"],
  "normal": ["standard", "régulier", "conforme", "usuel"],
  "anormal": ["atypique", "irrégulier", "déviant", "anomal"],
  "spécial": ["particulier", "spécifique", "distinctif", "singulier"],
  "général": ["universel", "global", "total", "complet"],
  "particulier": ["spécifique", "distinct", "individuel", "personnel"],
  "universel": ["mondial", "global", "catholique", "total"],
  "local": ["régional", "proche", "limitrophe", "voisin"],
  "national": ["patriotique", "citoyen", "étatique", "fédéral"],
  "international": ["mondial", "global", "cosmopolite", "transnational"],
  "urbain": ["citadin", "municipal", "métropolitain", "civique"],
  "rural": ["campagnard", "agreste", "paysan", "rustique"],
  "intérieur": ["interne", "domestique", "national", "métropolitain"],
  "extérieur": ["externe", "étranger", "outre-mer", "international"],
  "nord": ["septentrional", "boréal", "arctique"],
  "sud": ["méridional", "austral", "antarctique"],
  "ouest": ["occidental", "couchant", "ponant"],
  "central": ["médian", "axial", "noyau", "cœur"],
  "périphérique": ["marginal", "latéral", "extérieur", "annexe"],
  "proche": ["voisin", "adjacent", "contigu", "limitrophe"],
  "lointain": ["éloigné", "distant", "reculé", "isolé"],
  "accessible": ["atteignable", "abordable", "facile", "pratique"],
  "inaccessible": ["hors d'atteinte", "irréalisable", "impraticable", "infranchissable"],
  "ouvert": ["déverrouillé", "libre", "accueillant", "réceptif"],
  "fermé": ["clos", "verrouillé", "condamné", "inaccessible"],
  "libre": ["disponible", "indépendant", "autonome", "affranchi"],
  "occupé": ["pris", "reservé", "soumis", "asservi"],
  "indépendant": ["autonome", "souverain", "libre", "affranchi"],
  "dépendant": ["soumis", "assujetti", "tributaire", "subordonné"],
  "riche": ["fortuné", "opulent", "aisé", "nanti"],
  "pauvre": ["démuni", "indigent", "misérable", "déshérité"],
  "abordable": ["économique", "modique", "raisonnable", "accessible"],
  "développé": ["avancé", "évolué", "progressé", "mature"],
  "sous-développé": ["arriéré", "attardé", "primitif", "rudimentaire"],
  "civilisé": ["policé", "cultivé", "raffiné", "éduqué"],
  "sauvage": ["barbare", "primitif", "naturel", "indompté"],
  "pacifique": ["paisible", "non-violent", "conciliant", "doux"],
  "guerrier": ["belliqueux", "combatif", "agressif", "martial"],
  "neutre": ["impartial", "objectif", "équitable", "détaché"],
  "partial": ["biaisé", "inéquitable", "subjectif", "partisan"],
  "objectif": ["impartial", "neutre", "équitable", "scientifique"],
  "subjectif": ["personnel", "individuel", "partial", "arbitraire"],
  "positif": ["favorable", "constructif", "optimiste", "bénéfique"],
  "négatif": ["défavorable", "pessimiste", "destructif", "adverse"],
  "actif": ["dynamique", "énergique", "efficace", "productif"],
  "passif": ["inactif", "inerte", "réceptif", "soumis"],
  "direct": ["immédiat", "franc", "sans détour", "rectiligne"],
  "indirect": ["détourné", "médiat", "tortueux", "oblique"],
  "explicite": ["clair", "précis", "détaillé", "formel"],
  "implicite": ["sous-entendu", "tacite", "indirect", "non-dit"],
  "évident": ["manifeste", "patent", "flagrant", "incontestable"],
  "caché": ["dissimulé", "secret", "occulte", "masqué"],
  "connu": ["célèbre", "renommé", "fameux", "notoire"],
  "inconnu": ["ignoré", "méconnu", "anonyme", "mystérieux"],
  "familler": ["connu", "usuel", "courant", "habituel"],
  "étrange": ["insolite", "curieux", "bizarre", "mystérieux"],
  "habituel": ["coutumier", "régulier", "fréquent", "ordinaire"],
  "exceptionnel": ["rare", "insolite", "remarquable", "inouï"],
  "régulier": ["constant", "uniforme", "périodique", "systématique"],
  "irrégulier": ["variable", "inconstant", "capricieux", "erratique"],
  "constant": ["stable", "fixe", "invariable", "permanent"],
  "variable": ["changeant", "fluctuant", "instable", "inconstant"],
  "stable": ["équilibré", "solide", "fiable", "constant"],
  "instable": ["précaire", "fluctuant", "changeant", "incertain"],
  "sûr": ["certain", "assuré", "garanti", "fiable"],
  "dangereux": ["périlleux", "risqué", "hasardeux", "aléatoire"],
  "calme": ["tranquille", "paisible", "serein", "placide"],
  "agité": ["nerveux", "turbulent", "inquiet", "fébrile"],
  "fort": ["puissant", "robuste", "vigoureux", "solide"],
  "faible": ["fragile", "délicat", "chétif", "vulnérable"],
  "sain": ["salubre", "bénéfique", "hygiénique", "équilibré"],
  "malsain": ["insalubre", "nocif", "toxique", "délétère"],
  "propre": ["net", "immaculé", "pur", "aseptisé"],
  "sale": ["malpropre", "souillé", "impur", "crasseux"],
  "clair": ["lumineux", "transparent", "évident", "intelligible"],
  "sombre": ["obscur", "ténébreux", "morne", "lugubre"],
  "lumineux": ["brillant", "éclatant", "radieux", "resplendissant"],
  "terne": ["fade", "pâle", "monotone", "insipide"],
  "coloré": ["teint", "pigmenté", "chatoyant", "bigarré"],
  "incolore": ["décoloré", "pâle", "terne", "fade"],
  "bruyant": ["tapageur", "assourdissant", "criard", "tumultueux"],
  "silencieux": ["muet", "taciturne", "discret", "sourd"],
  "doux": ["tendre", "suave", "délicat", "agréable"],
  "amer": ["âcre", "âpre", "acide", "austère"],
  "chaud": ["brûlant", "torride", "fiévreux", "ardent"],
  "rugueux": ["âpre", "rêche", "grenu", "scabreux"],
  "lisse": ["poli", "glabre", "soyeux", "uni"],
  "épais": ["dense", "gros", "massif", "compact"],
  "mince": ["fin", "svelte", "élancé", "étroit"]
}