{
  "important": ["crucial", "essentiel", "primordial", "capital", "fondamental", "vital", "majeur", "décisif"],
  "grand": ["vaste", "immense", "considérable", "imposant", "colossal", "gigantesque", "étendu", "ample"],
  "petit": ["minuscule", "réduit", "modeste", "limité", "infime", "microscopique", "minime", "insignifiant"],
  "bon": ["excellent", "remarquable", "appréciable", "satisfaisant", "adéquat", "supérieur", "optimal", "parfait"],
  "mauvais": ["médiocre", "défavorable", "négatif", "défectueux", "inadéquat", "insuffisant", "nul", "exécrable"],
  "très": ["extrêmement", "particulièrement", "remarquablement", "considérablement", "fort", "infiniment", "hautement"],
  "beaucoup": ["énormément", "considérablement", "abondamment", "largement", "amplement", "substantiellement", "massivement"],
  "faire": ["réaliser", "effectuer", "accomplir", "exécuter", "procéder", "opérer", "produire", "créer"],
  "dire": ["affirmer", "déclarer", "énoncer", "exprimer", "mentionner", "annoncer", "prononcer", "articuler"],
  "voir": ["observer", "constater", "apercevoir", "distinguer", "examiner", "contempler", "regarder", "scruter"],
  "penser": ["estimer", "considérer", "juger", "croire", "supposer", "réfléchir", "méditer"],
  "avoir": ["posséder", "détenir", "disposer de", "bénéficier de", "compter", "comporter", "inclure", "contenir"],
  "être": ["représenter", "s'avérer", "demeurer", "se révéler", "exister", "subsister", "consister"],
  "mais": ["cependant", "toutefois", "néanmoins", "pourtant", "or", "en revanche", "par contre", "seulement"],
  "et": ["ainsi que", "de même que", "puis", "également", "aussi", "de plus", "en outre", "par ailleurs"],
  "donc": ["par conséquent", "ainsi", "en conséquence", "de ce fait", "dès lors", "en conclusion", "de la sorte"],
  "aussi": ["également", "pareillement", "de même", "de plus", "en outre", "de surcroît", "qui plus est"],
  "car": ["parce que", "puisque", "étant donné que", "vu que", "du fait que", "attendu que", "comme"],
  "alors": ["à ce moment", "dans ce cas", "par suite", "en conséquence", "ainsi", "donc", "dès lors"],
  "maintenant": ["actuellement", "présentement", "désormais", "à présent", "aujourd'hui", "à cette heure", "à l'heure actuelle"],
  "toujours": ["continuellement", "constamment", "perpétuellement", "invariablement", "sans cesse", "à jamais", "éternellement", "tout le temp"],
  "souvent": ["fréquemment", "régulièrement", "couramment", "habituellement", "communément", "maintes fois", "répétitivement"],
  "parfois": ["occasionnellement", "quelquefois", "de temps à autre", "épisodiquement", "sporadiquement", "par instant", "à l'occasion"],
  "jamais": ["en aucun cas", "nullement", "point", "aucunement", "pas du tout", "à jamais", "en aucune façon"],
  "vraiment": ["véritablement", "réellement", "effectivement", "authentiquement", "assurément", "sincèrement", "franchement"],
  "peut-être": ["possiblement", "probablement", "éventuellement", "vraisemblablement", "apparemment", "sans doute", "a priori"],
  "certainement": ["indubitablemente", "incontestablement", "manifestement", "évidemment", "infailliblement", "à coup sûr"],
  "seulement": ["uniquement", "simplement", "exclusivement", "purement", "strictement", "rien que", "à peine"],
  "même": ["égal", "identique", "semblable", "équivalent", "pareil", "similaire", "comparable"],
  "encore": ["toujours", "de nouveau", "une fois de plus", "à nouveau", "derechef", "de plus", "en supplément"],
  "déjà": ["d'ores et déjà", "auparavant", "précédemment", "antérieurement", "dès maintenant", "à l'avance", "par avance"],
  "ensuite": ["puis", "après", "par la suite", "ultérieurement", "subséquemment", "secondement", "dans un deuxième temps"],
  "enfin": ["finalement", "en définitive", "au final", "en dernier lieu", "pour conclure", "en résumé", "en somme"],
  "d'abord": ["premièrement", "en premier lieu", "tout d'abord", "initialement", "au préalable", "avant tout", "en tête"],
  "chose": ["élément", "aspect", "objet", "sujet", "point", "article", "entité", "réalité"],
  "personne": ["individu", "être", "citoyen", "membre", "humain", "particulier", "personnage"],
  "lieu": ["endroit", "emplacement", "site", "zone", "secteur", "localité", "place", "position"],
  "moment": ["instant", "période", "temps", "phase", "étape", "occasion", "intervalle", "délai"],
  "manière": ["façon", "méthode", "procédé", "mode", "approche", "technique", "style", "modalité"],
  "problème": ["difficulté", "enjeu", "question", "obstacle", "défi", "souci", "complication", "dilemme"],
  "solution": ["réponse", "résolution", "remède", "issue", "dénouement", "aboutissement", "résultat", "explication"],
  "question": ["interrogation", "demande", "problématique", "requête", "enquête", "investigation"],
  "réponse": ["rétroaction", "retour", "explication", "éclaircissement", "élucidation", "réplique", "réaction", "feedback"],
  "travail": ["œuvre", "tâche", "activité", "labeur", "ouvrage", "emploi", "occupation", "mission"],
  "temps": ["période", "durée", "époque", "délai", "ère", "âge", "cycle"],
  "partie": ["section", "segment", "portion", "fraction", "composante", "élément", "morceau", "particule"],
  "façon": ["manière", "mode", "procédé", "méthode", "approche", "style", "technique", "processus"],
  "monde": ["univers", "société", "planète", "humanité", "globe", "terre", "cosmos", "création"],
  "vie": ["existence", "vécu", "parcours", "destinée", "expérience", "durée", "cycle", "biographie"],
  "jour": ["journée", "date", "époque", "période", "calendrier", "quotidien", "étape"],
  "année": ["an", "période", "exercice", "millésime", "cycle", "saison", "exercice fiscal"],
  "pays": ["nation", "état", "territoire", "contrée", "région", "royaume", "patrie", "sol"],
  "nation": ["pays", "état", "patrie", "territoire"],
  "ville": ["cité", "commune", "métropole", "localité", "municipalité", "agglomération", "bourg", "capitale"],
  "maison": ["demeure", "habitation", "logement", "résidence", "domicile", "foyer", "bâtisse", "propriété"],
  "homme": ["être humain", "mâle", "gentilhomme"],
  "femme": ["dame", "citoyenne", "épouse", "compagne", "partenaire"],
  "enfant": ["jeune", "mineur", "bambin", "rejeton", "descendant", "fils", "fille", "progéniture"],
  "famille": ["foyer", "maisonnée", "clan", "lignée", "fratrie", "parenté", "généalogie", "ascendance"],
  "ami": ["camarade", "compagnon", "allié", "proche", "confident", "copain", "partenaire", "associé"],
  "groupe": ["ensemble", "collectif", "équipe", "formation", "regroupement", "assemblée", "communauté", "cercle"],
  "projet": ["initiative", "entreprise", "plan", "programme", "dessein", "concept", "schéma", "idée"],
  "idée": ["concept", "notion", "pensée", "conception", "proposition", "avis", "opinion", "réflexion"],
  "résultat": ["aboutissement", "conséquence", "effet", "produit", "issue", "fruit", "conclusion", "dénouement"],
  "exemple": ["illustration", "cas", "modèle", "spécimen", "échantillon", "paradigme", "prototype", "référence"],
  "situation": ["contexte", "circonstance", "état", "condition", "position", "statut", "occurrence"],
  "niveau": ["degré", "stade", "échelon", "palier", "rang", "seuil", "hauteur"],
  "point": ["aspect", "détail", "thème", "item", "caractéristique"],
  "cas": ["circonstance", "occurrence", "événement", "éventualité", "possibilité"],
  "type": ["genre", "catégorie", "sorte", "espèce", "variété", "classe", "famille", "nature"],
  "forme": ["configuration", "aspect", "apparence", "structure", "format", "figure", "contour", "silhouette"],
  "sens": ["signification", "acception", "portée", "direction", "orientation", "intention", "but", "finalité"],
  "raison": ["motif", "cause", "fondement", "justification", "argument", "explication", "preuve", "logique"],
  "besoin": ["nécessité", "exigence", "demande", "requête", "manque", "désir", "envie"],
  "effet": ["conséquence", "impact", "répercussion", "incidence", "influence", "retombée"],
  "cause": ["origine", "source", "facteur", "genèse"],
  "rôle": ["fonction", "mission", "tâche", "attribution", "responsabilité", "part"],
  "action": ["acte", "démarche", "initiative", "intervention", "opération", "geste", "entreprise", "activité"],
  "changement": ["modification", "transformation", "évolution", "mutation", "variation", "révolution", "métamorphose", "renouvellement"],
  "développement": ["croissance", "expansion", "progression", "essor", "avancement", "perfectionnement", "maturation"],
  "système": ["dispositif", "mécanisme", "structure", "organisation", "ensemble", "réseau", "appareil", "cadre"],
  "moyen": ["procédé", "ressource", "outil", "instrument", "capacité", "possibilité", "facilité"],
  "force": ["puissance", "vigueur", "énergie", "intensité", "robustesse", "vitalité", "dynamisme"],
  "pouvoir": ["capacité", "faculté", "autorité", "compétence", "influence", "contrôle", "domination"],
  "droit": ["prérogative", "autorisation", "permission", "privilège", "liberté", "habilitation", "autorité"],
  "devoir": ["obligation", "responsabilité", "charge", "engagement", "impératif", "nécessité"],
  "valeur": ["importance", "mérite", "portée", "signification", "poids", "qualité", "prix", "estime"],
  "intérêt": ["pertinence", "utilité", "avantage", "bénéfice", "gain", "profit", "dividende"],
  "place": ["rang", "emplacement", "siège", "localisation", "site"],
  "différence": ["distinction", "écart", "divergence", "dissemblance", "contraste", "disparité", "inégalité", "spécificité"],
  "rapport": ["lien", "relation", "corrélation", "connexion", "association", "interaction", "dépendance", "affinité"],
  "mesure": ["disposition", "initiative", "démarche", "procédure", "étape", "précaution"],
  "usage": ["utilisation", "emploi", "pratique", "application", "exercice", "coutume", "tradition", "habitude"],
  "information": ["renseignement", "donnée", "indication", "précision", "bulletin", "communiqué"],
  "connaissance": ["savoir", "science", "érudition", "instruction", "culture", "compétence", "expertise", "maîtrise"],
  "problématique": ["interrogation", "dilemme", "enjeu", "défi"],
  "domaine": ["secteur", "sphère", "champ", "spécialité", "branche", "territoire", "province"],
  "cadre": ["contexte", "environnement", "milieu", "limite", "périmètre", "contour"],
  "base": ["fondement", "assise", "principe", "socle", "support", "fondation", "origine", "soubassement"],
  "fin": ["terme", "aboutissement", "conclusion", "clôture", "achèvement", "finale", "dénouement", "cessation"],
  "début": ["commencement", "départ", "amorce", "ouverture", "genèse", "inauguration", "lancement"],
  "milieu": ["centre", "ambiance", "entourage", "atmosphère"],
  "état": ["condition", "statut", "phase", "circonstance", "mode"],
  "ordre": ["directive", "instruction", "commandement", "consigne", "injonction", "séquence", "arrangement"],
  "série": ["suite", "succession", "séquence", "collection", "gamme", "variété", "assortiment"],
  "nombre": ["quantité", "total", "effectif", "chiffre", "montant", "somme", "compte", "statistique"],
  "part": ["portion", "fraction", "quote-part", "segment", "pourcentage", "ration", "allocation"],
  "ensemble": ["totalité", "intégralité", "collection", "agrégat", "réunion", "assemblage", "combinaison"],
  "total": ["globalité", "entier", "cumul", "agrégat"],
  "sujet": ["thème", "matière", "propos", "patient"],
  "but": ["finalité", "visée", "dessein", "intention", "cible", "ambition", "aspiration"],
  "objectif": ["destination"],
  "qualité": ["attribut", "caractéristique", "propriété", "trait", "particularité", "vertu", "mérite", "excellence"],
  "caractère": ["nature", "spécificité", "personnalité", "tempérament", "individualité"],
  "nature": ["essence", "substance", "fond", "constitution"],
  "principe": ["règle", "précepte", "doctrine", "axiome", "maxime"],
  "règle": ["norme", "directive", "prescription", "canon", "critérium"],
  "loi": ["législation", "réglementation", "texte", "décret", "ordonnance", "statut"],
  "marque": ["trace", "empreinte", "témoignage", "symbole", "emblème", "insigne"],
  "signe": ["indice", "signal", "présage", "symptôme", "manifestation"],
  "terme": ["vocable", "dénomination", "appellation", "désignation", "locution"],
  "mot": ["parole", "verbe"],
  "expression": ["formulation", "tournure", "phrase", "diction", "énoncé", "verbalisation"],
  "titre": ["intitulé", "rubrique", "chapitre", "en-tête"],
  "nom": ["patronyme", "raison sociale", "qualificatif"],
  "avis": ["sentiment", "perspective", "conviction", "croyance"],
  "opinion": ["point de vue"],
  "jugement": ["évaluation", "appréciation", "estimation", "décision", "verdict"],
  "critique": ["commentaire", "révision", "observation", "remarque"],
  "analyse": ["examen", "investigation", "exploration", "scrutin", "dissection", "décomposition"],
  "étude": ["recherche", "enquête", "scrutation"],
  "recherche": ["quête", "fouille", "investissement"],
  "méthode": ["système", "modalité", "stratégie"],
  "technique": ["art"],
  "processus": ["mécanisme", "déroulement", "cheminement"],
  "procédure": ["protocole", "conduite", "marche à suivre"],
  "stratégie": ["méthodologie", "tactique", "orientation", "manœuvre", "dispositif"],
  "plan": ["maquette", "ébauche"],
  "programme": ["agenda", "calendrier", "emploi du temps", "horaire", "planning", "itinéraire", "ordre du jour"],
  "structure": ["agencement", "configuration", "architecture", "édifice", "ossature", "charpente"],
  "organisation": ["coordination", "entité"],
  "service": ["prestation", "assistance", "aide", "support", "maintien", "utilité", "bienfait"],
  "produit": ["article", "marchandise", "denrée", "création", "réalisation"],
  "marché": ["commerce", "transaction", "affaire", "négoce", "échange", "vente", "débit", "comptoir"],
  "causer": ["provoquer", "engendrer", "susciter", "déclencher"],
  "entreprise": ["société", "firme", "compagnie", "institution", "corporation", "établissement"],
  "travailleur": ["employé", "salarié", "ouvrier", "opérateur", "collaborateur", "agent", "exécutant", "main-d'œuvre"],
  "client": ["acheteur", "consommateur", "usager", "utilisateur", "acquéreur", "patron", "destinataire", "bénéficiaire"],
  "prix": ["coût", "tarif", "facture", "devis", "estimation"],
  "argent": ["monnaie", "fonds", "capital", "finance", "liquidité", "espèces", "ressource", "avoir"],
  "bénéfice": ["profit", "gain", "plus-value", "rendement"],
  "perte": ["déficit", "diminution", "réduction", "déclin", "baisse", "dommage", "préjudice"],
  "économie": ["finances", "épargne", "rationalisation", "budget"],
  "société": ["communauté", "collectivité", "population", "public", "civilisation"],
  "culture": ["civilisation", "héritage", "patrimoine"],
  "histoire": ["récit", "chronique", "épopée", "saga", "légende", "conte", "narration"],
  "art": ["création", "talent", "habileté", "production"],
  "science": ["discipline", "spécialité"],
  "éducation": ["formation", "pédagogie", "développement"],
  "santé": ["bien-être", "forme", "intégrité", "équilibre"],
  "maladie": ["affection", "pathologie", "trouble", "infirmité", "désordre", "dysfonctionnement", "altération"],
  "médecin": ["docteur", "thérapeute", "praticien", "spécialiste", "clinician", "guérisseur", "soignant", "médecin traitant"],
  "traitement": ["thérapie", "cure", "soin", "médication", "intervention"],
  "prévention": ["dissuasion"],
  "sécurité": ["sûreté", "garantie", "assurance", "confiance", "immunité"],
  "risque": ["danger", "péril", "menace", "aléa", "hasard"],
  "accident": ["incident", "événement", "collision", "catastrophe", "désastre", "sinistre", "mishap"],
  "environnement": ["écosystème", "biotope", "habitat"],
  "pollution": ["contamination", "souillure", "dégradation", "infection", "impureté", "toxicité", "nuisance"],
  "protection": ["défense", "préservation", "conservation", "sauvegarde", "bouclier", "rempart"],
  "développement durable": ["croissance responsable", "éco-développement", "progrès écologique", "évolution verte", "avenir viable", "croissance verte"],
  "technologie": ["innovation", "progrès", "avancée"],
  "innovation": ["nouveauté", "invention", "création", "découverte", "percée"],
  "découverte": ["trouvaille", "révélation", "identification"],
  "application": ["mise en œuvre", "implémentation", "déploiement"],
  "performance": ["rendement", "efficacité", "productivité", "accomplissement", "réalisation", "exploit"],
  "efficacité": ["efficience", "utilité", "impact"],
  "contrôle": ["vérification", "inspection", "supervision", "surveillance", "régulation", "commande"],
  "gestion": ["administration", "management", "direction", "supervision", "coordination", "conduite"],
  "management": ["pilotage", "encadrement"],
  "leadership": ["commandement", "gouvernance", "guidage"],
  "équipe": ["unité", "staff", "personnel"],
  "collaboration": ["coopération", "partenariat", "association", "entraide", "solidarité", "concertation", "alliance"],
  "communication": ["échange", "dialogue", "transmission", "contact", "discussion"],
  "média": ["presse", "journalisme", "divulgation", "publication", "diffusion", "canal"],
  "internet": ["web", "cyberespace", "numérique", "en ligne", "virtuel", "digital", "connecté"],
  "réseau": ["maillage", "interconnexion", "circuit", "grille"],
  "donnée": ["chiffre", "fait"],
  "vie privée": ["intimité", "confidentialité", "discrétion", "réserve", "isolement", "retrait", "solitude", "secret"],
  "liberté": ["autonomie", "indépendance", "souveraineté", "émancipation", "affranchissement", "latitude", "marge", "possibilité"],
  "égalité": ["équité", "parité", "équivalence", "similarité", "uniformité", "identité", "symétrie", "correspondance"],
  "fraternité": ["camaraderie", "bienveillance", "proximité", "compassion", "humanité"],
  "justice": ["équité", "impartialité", "droiture", "intégrité", "moralité", "légalité", "rectitude"],
  "démocratie": ["gouvernement du peuple", "régime représentatif", "souveraineté populaire", "système électoral", "participation citoyenne"],
  "politique": ["gouvernance", "diplomatie", "affaires publiques", "management public"],
  "gouvernement": ["exécutif", "régime", "cabinet"],
  "président": ["chef d'État", "dirigeant", "leader", "mandataire", "représentant", "gouverneur", "superviseur"],
  "ministre": ["secrétariat", "département", "portefeuille", "responsable", "titulaire", "directeur", "administrateur"],
  "parlement": ["assemblée", "congrès", "chambre", "sénat", "législature", "représentation", "corps législatif", "pouvoir législatif"],
  "règlement": ["code", "charte"],
  "tribunal": ["cour", "juridiction", "instance", "for", "arène", "prétoire"],
  "juge": ["magistrat", "arbitre", "médiateur", "conciliateur", "évaluateur", "examinateur", "appréciateur", "décideur"],
  "avocat": ["défenseur", "conseil", "juriste", "légiste", "plaidoyer", "représentant", "assistant", "consultant"],
  "procès": ["litige", "affaire", "controverse", "différend", "conflit", "débats", "audience"],
  "verdict": ["sentence", "arbitrage", "prononcé", "délibération"],
  "peine": ["sanction", "punition", "châtiment", "condamnation", "réparation", "expiation", "pénitence", "correction"],
  "prison": ["détention", "incarcération", "réclusion", "captivité", "enfermement", "géôle", "pénitencier", "maison d'arrêt"],
  "responsabilité": ["comptabilité", "imputabilité", "redevabilité"],
  "morale": ["déontologie", "honnêteté"],
  "éthique": ["normes", "standards", "critères"],
  "conscience": ["conscience morale", "sens moral", "discernement", "lucidité", "perception", "intuition"],
  "respect": ["considération", "égard", "déférence", "estime", "vénération", "révérence", "courtoisie", "politesse"],
  "dignité": ["respectabilité", "noblesse", "grandeur", "majesté", "prestige", "gravité"],
  "honneur": ["fierté", "gloire"],
  "gloire": ["renommée", "célébrité", "splendeur", "magnificence", "rayonnement"],
  "réputation": ["notoriété", "crédibilité"],
  "succès": ["achievement", "victoire", "triomphe", "conquête"],
  "échec": ["insuccès", "défaite", "revers", "déconvenue", "fiasco", "déboire", "insuccess", "mécompte"],
  "réussite": ["achievement", "réalisation"],
  "effort": ["application", "acharnement"],
  "persévérance": ["persistance", "ténacité", "obstination", "constance", "assiduité", "endurance", "résistance", "patience"],
  "courage": ["bravoure", "vaillance", "audace", "hardiesse", "intrépidité", "héroïsme"],
  "détermination": ["résolution", "fermeté"],
  "volonté": ["décret"],
  "désir": ["appétit", "attirance", "inclination"],
  "passion": ["enthousiasme", "ardeur", "ferveur", "zèle", "fougue", "vibration", "émotion"],
  "amour": ["affection", "tendresse", "attachement", "dévouement", "inclination", "sympathie", "compatibilité"],
  "amitié": ["complicité", "affinité"],
  "parent": ["géniteur", "ascendant", "père", "mère", "tuteur", "référence", "modèle"],
  "école": ["collège", "lycée", "université", "académie", "campus"],
  "enseignement": ["doctrine", "précepte", "leçon"],
  "apprentissage": ["initiation", "familiarisation", "acquisition", "assimilation"],
  "savoir": ["lumière"],
  "intelligence": ["compréhension", "perspicacité", "sagacité", "clarté"],
  "sagesse": ["prudence", "modération", "circonspection", "clairvoyance"],
  "expérience": ["pratique", "vécu", "familiarité"],
  "compétence": ["aptitude", "qualification"],
  "talent": ["don", "génie", "faculté", "disposition", "prédisposition", "veine"],
  "génie": ["brillant", "inventivité", "ingéniosité", "originalité", "supériorité"],
  "créativité": ["imagination", "inventivité", "originalité", "inspiration", "fantaisie", "ressource", "fertilité"],
  "imagination": ["fantaisie", "invention", "vision", "rêverie", "conception", "idéation"],
  "inspiration": ["stimulation", "souffle", "élan", "impulsion", "muse", "ferveur"],
  "motivation": ["encouragement", "incitation"],
  "rêve": ["aspiration", "idéal", "utopie", "vision", "projection", "fantasme", "illusion"],
  "espoir": ["espérance", "optimisme", "potentialité", "horizon"],
  "confiance": ["certitude", "assurance", "crédibilité", "fiabilité", "dépendance"],
  "foi": ["credo", "dévotion"],
  "croyance": ["dogme", "persuasion"],
  "religion": ["spiritualité", "culte", "confession"],
  "spiritualité": ["intériorité", "recueillement", "transcendance", "mysticisme", "élévation"],
  "méditation": ["pensée", "concentration", "introspection"],
  "paix": ["tranquillité", "sérénité", "calme", "quiétude", "concorde", "accord", "réconciliation"],
  "harmonie": ["équilibre", "proportion", "cohérence", "unité", "cohésion"],
  "bonheur": ["félicité", "béatitude", "contentement", "eudémonie"],
  "joie": ["allégresse", "gaieté", "réjouissance", "euphorie", "ravissement"],
  "plaisir": ["jouissance", "agrément", "délectation", "volupté", "délice", "enchantement"],
  "souffrance": ["tourment", "détresse", "misère", "tribulation","affliction"],
  "douleur": ["chagrin", "amertume", "désolation", "désespoir"],
  "tristesse": ["mélancolie", "abattement", "dépression", "morosité"],
  "peur": ["crainte", "appréhension", "terreur", "panique", "frayeur"],
  "anxiété": ["souci", "préoccupation", "nervosité", "tension", "alarme"],
  "stress": ["pression", "contrainte", "fatigue", "épuisement", "surcharge", "surmenage", "burn-out"],
  "guérison": ["rétablissement", "convalescence", "réparation", "restauration", "cicatrisation", "récupération"],
  "médecine": ["thérapeutique", "pharmacie"],
  "médicament": ["remède", "drogue", "substance", "préparation"],
  "désinfecter": ["purifier", "stériliser", "antiseptiser", "aseptiser", "assainir", "verduniser", "étuver"],
  "abaisser": ["diminuer", "avilis", "rabaisser", "réduis", "humilier", "sous-estimer"],
  "politiques": ["politicien", "homme d'état"],
  "légitimité": ["bien-fondé", "bon droit"],
  "choqué": ["heurté", "froissé", "ébranlé", "scandalisé", "indigné"],
  "incompris": ["méconnu"],
  "questionner": ["interroger", "sonder", "poser une question","cuisiner"],
  "incroyable": ["fantastique", "inouï", "invraisemblable", "surprenant", "abracadabrant", "fantasmagorique", "lunaire"],
  "plusieurs": ["quelques", "différentes", "de multiples"],
  "rapporté": ["révélé", "exposé", "signalé", "citer", "alléguer"],
  "rapidement": ["vite", "promptement", "précipitamment", "rapidos", "expéditivement"],
  "indiquent": ["révéle", "signale", "mentionne"],
  "propagées": ["diffusé", "multiplié", "dispersé"],
  "affichent": ["manifeste", "expose", "indique", "exprime", "arbore"],
  "construire": ["constituer", "fabriquer", "façonner", "élaborer", "échafauder", "modeler", "mettre en oeuvre"],
  "exploiter": ["utilisé", "usité", "adopter"],
  "développer": ["accroître", "étendre", "amplifier"],
  "générer": ["concevoir"],
  "arrivez": ["parvenez", "allez", "abordez"],
  "tue": ["assassine"],
  "abolir": ["supprimer", "détruire", "anéantir", "effacer", "annihiler", "démolir", "proscrire", "rayer"],
  "prévenu": ["avertis", "alerter", "instruis"],
  "obtenir": ["acquérir", "recevoir", "recueillir", "décrocher"],
  "pendant": ["au cours de"],
  "insolite": ["extraordinaire", "étrange", "rare", "extravagant", "bizarroïde", "saugrenu", "déroutante"],
  "supermarché": ["magasin", "grande surface", "hypermarché"],
  "corrompus": ["altérer", "dégrader", "dénaturer", "souiller", "détériorer"],
  "souffrent": ["endurent", "subissent"]
}